"","formula","df","AICc","deltaAIC","R2m","R2c"
"1","HF ACI ~ Snaps + Day/Night + Snaps:Day/Night + (1|site_year)",6,317813.912731081,0.0127310807001777,0.00326381468244315,0.173455646626289
"2","HF ACI ~ Snaps + Day/Night + (1|site_year)",5,317814.648857964,0.74885796365561,0.00323298012552548,0.173802186483424
