File,Snaps,Site
1677987850.170714145002.wav,1407,35
1677987850.170714150002.wav,NA,NA
1677987850.170714151002.wav,1476,35
1678278673.170719145002.wav,1429,40
1678278673.170719150002.wav,NA,NA
1678278673.170719151002.wav,1449,40
1677987881.170721145002.wav,1488,5
1677987881.170721150002.wav,NA,NA
1677987881.170721151002.wav,1441,5
