"","File","Snaps","Site"
"1259","1677987850.170714145002.wav",1407,35
"1260","1677987850.170714150002.wav",1425,35
"1261","1677987850.170714151002.wav",1476,35
"1951","1678278673.170719145002.wav",1429,40
"1953","1678278673.170719151002.wav",1449,40
"2070","1677987881.170721145002.wav",1488,5
"2072","1677987881.170721151002.wav",1441,5
