"","Estimate","Std. Error","t value","Pr(>|t|)"
"(Intercept)",0.00955289311433912,4.00509711591219e-05,238.518388889638,1.7383619527325e-244
"Tot_Knocks",-1.5333014614291e-06,3.94560521202451e-07,-3.88609954375631,0.000139103260177674
"Num_L_calls",2.67658869459127e-08,3.23098404819794e-06,0.00828412847189425,0.993398680367799
